drinkerId,drinkerName,phone,address,city,state
0,Emma,(905) 264-7723,26 West Walnut Ave.,New Baltimore,MI
1,Olivia,(772) 939-0254,7148 Alton Ave.,Sioux Falls,SD
2,Sophia,(202) 217-4475,93 West Depot Street,Howell,NJ
3,Isabella,(335) 612-7274,826 Birchwood Ave.,Brick,NJ
4,Ava,(656) 434-4549,3 10th Ave.,Maplewood,NJ
5,Mia,(251) 593-7919,55 Vale Rd.,Ontario,CA
6,Emily,(679) 312-2748,7238 Nut Swamp Street,Randallstown,MD
7,Abigail,(443) 958-9742,238 North Fulton Drive,Union,NJ
8,Madison,(667) 633-5343,8466 Pheasant Street,Los Banos,CA
9,Charlotte,(678) 810-1170,7 Oak Drive,Commack,NY
10,Harper,(351) 631-0780,530 Trenton St.,Point Pleasant Beach,NJ
11,Sofia,(634) 227-9575,7582 South Southampton Ave.,Cumberland,RI
12,Avery,(236) 984-6166,773 Illinois St.,Prior Lake,MN
13,Elizabeth,(967) 794-1625,757 Gates Lane,West Deptford,NJ
14,Amelia,(447) 721-8207,8092 Canal St.,Hobart,IN
15,Evelyn,(872) 735-0018,11 San Carlos Drive,West Hempstead,NY
16,Ella,(475) 381-3073,77 Elmwood Street,Ogden,UT
17,Chloe,(619) 849-7502,7978 Rockaway Dr.,Andover,MA
18,Victoria,(215) 483-7144,46 Mulberry Lane,Oklahoma City,OK
19,Aubrey,(449) 992-9506,49 Ivy St.,Oakland,CA
20,Grace,(992) 364-4886,918 Bellevue St.,Ashland,OH
21,Zoey,(632) 823-2709,17 Oak Meadow Drive,Camas,WA
22,Natalie,(587) 571-1328,346 Cedarwood Drive,Morganton,NC
23,Addison,(893) 630-3360,36 W. Central Avenue,Wausau,WI
24,Lillian,(925) 344-9219,150 Lakeview St.,Hagerstown,MD
25,Brooklyn,(570) 245-5253,9545 Del Monte Lane,Newnan,GA
26,Lily,(332) 950-4467,63 Wellington St.,Taylor,MI
27,Hannah,(335) 282-8880,8950 Williams Ave.,Thornton,CO
28,Layla,(221) 981-1106,39 Princeton St.,Hastings,MN
29,Scarlett,(418) 376-8591,63 Tallwood Street,Virginia Beach,VA
30,Aria,(380) 248-1896,22 NE. Marlborough Drive,Chesterton,IN
31,Zoe,(420) 995-7835,673 Armstrong Drive,Athens,GA
32,Samantha,(995) 457-8667,355 Mayflower Ave.,Glendale,AZ
33,Anna,(649) 932-4011,3 Shipley Lane,Waukegan,IL
34,Leah,(601) 680-9940,414 Annadale Rd.,Merrick,NY
35,Audrey,(743) 647-7664,921 Blackburn Ave.,Cincinnati,OH
36,Ariana,(706) 452-3699,9256 Newcastle Street,Middle Village,NY
37,Allison,(513) 680-9689,8959 Wagon Rd.,Kings Mountain,NC
38,Savannah,(940) 837-3863,9975 6th Lane,Toms River,NJ
39,Arianna,(932) 949-6765,9811 Market Ave.,Morgantown,WV
40,Camila,(719) 387-0259,9788 North Meadow Rd.,Navarre,FL
41,Penelope,(632) 716-9109,7 Bradford Street,Colonial Heights,VA
42,Gabriella,(610) 451-5992,169 Wentworth Lane,Dawsonville,GA
43,Claire,(259) 420-4011,75 Ridge Street,Rockville,MD
44,Aaliyah,(726) 762-2061,97 Pleasant Rd.,Redford,MI
45,Sadie,(540) 661-0138,29 Randall Mill Court,Wilmington,MA
46,Riley,(362) 822-2204,682 North Bridle Drive,Kernersville,NC
47,Skylar,(569) 233-3431,7899 Fairview Rd.,Jersey City,NJ
48,Nora,(363) 741-2338,85 Victoria Street,New Brunswick,NJ
49,Sarah,(712) 855-2973,9920 Glenwood St.,Downingtown,PA
50,Hailey,(349) 867-2819,8802 Bay Meadows Drive,Hamden,CT
51,Kaylee,(454) 336-6180,864 Grove Dr.,Bellmore,NY
52,Paisley,(246) 917-3385,912 West Country St.,Frankfort,KY
53,Kennedy,(695) 671-6881,9587 Sugar Ave.,East Northport,NY
54,Ellie,(255) 926-0647,227 Marvon Street,Fleming Island,FL
55,Peyton,(304) 737-9084,8837 Wood Road,Paducah,KY
56,Annabelle,(329) 201-8791,257 Oak Dr.,Marshfield,WI
57,Caroline,(713) 903-5706,8413 Second Drive,Sheboygan,WI
58,Madelyn,(325) 558-4927,5 Riverside St.,Helotes,TX
59,Serenity,(862) 383-1638,88 Fieldstone Dr.,Urbandale,IA
60,Aubree,(536) 725-9540,9033 Richardson St.,Ithaca,NY
61,Lucy,(243) 867-0357,818 S. Goldfield Ave.,Waterloo,IA
62,Alexa,(404) 487-9467,409 North Parker Street,West Orange,NJ
63,Alexis,(695) 883-6508,9589 Smoky Hollow St.,Annandale,VA
64,Nevaeh,(841) 855-2165,7839 NE. Kingston St.,Camp Hill,PA
65,Stella,(986) 931-7787,9780 Clinton Road,Lafayette,IN
66,Violet,(509) 529-0935,604 Arcadia Rd.,Rahway,NJ
67,Genesis,(793) 503-4214,66 Ashley Street,Pembroke Pines,FL
68,Mackenzie,(719) 918-0941,70 Wild Rose Drive,Torrington,CT
69,Bella,(939) 218-4841,327 Golf Ave.,Groton,CT
70,Autumn,(445) 418-9247,8494 Border Dr.,Cartersville,GA
71,Mila,(931) 600-8371,4 E. Buttonwood Rd.,Newington,CT
72,Kylie,(462) 945-6555,657 Galvin St.,Sterling,VA
73,Maya,(472) 233-5281,570 North 2nd Ave.,Stockbridge,GA
74,Piper,(553) 639-7885,932 S. Pearl Ave.,Jonesborough,TN
75,Alyssa,(808) 414-4403,9027 East Woodside Drive,North Tonawanda,NY
76,Taylor,(685) 883-6742,441 Olive Street,Haines City,FL
77,Eleanor,(711) 249-4956,22 Front Ave.,North Canton,OH
78,Melanie,(204) 949-9983,762 Lilac Drive,Bethlehem,PA
79,Naomi,(365) 471-9393,31 Princeton Dr.,Lombard,IL
80,Faith,(310) 703-5828,38 Brandywine Court,Burlington,MA
81,Eva,(434) 945-0876,8103 Hill St.,Brandon,FL
82,Katherine,(259) 431-5775,563 N. Cedarwood St.,Lapeer,MI
83,Lydia,(920) 946-8794,201 W. Edgefield Street,Taunton,MA
84,Brianna,(375) 942-9636,27 South Oak Dr.,East Lansing,MI
85,Julia,(222) 510-4950,9019 Wrangler Road,Ocean Springs,MS
86,Ashley,(971) 921-3176,36 Elmwood Dr.,Bluffton,SC
87,Khloe,(238) 901-7429,622 Sutor Ave.,Lynchburg,VA
88,Madeline,(656) 634-8855,965 Fairfield Avenue,Douglasville,GA
89,Ruby,(863) 380-4384,56 Ohio Ave.,Maryville,TN
90,Sophie,(696) 218-3708,7095 Somerset Ave.,Atlanta,GA
91,Alexandra,(623) 820-3396,9508 Saxon Street,Fairburn,GA
92,London,(287) 695-1243,47 Theatre Rd.,Montgomery Village,MD
93,Lauren,(243) 565-1772,525 Parker Road,Savage,MN
94,Gianna,(677) 756-4716,970 North Goldfield Road,Petersburg,VA
95,Isabelle,(685) 284-4150,436 W. Cactus St.,Hempstead,NY
96,Alice,(622) 387-2508,6 Garden Street,Hudsonville,MI
97,Vivian,(204) 633-5018,8 Grant St.,Huntington,NY
98,Hadley,(620) 881-8409,96 Saxon St.,Bridgeport,CT
99,Jasmine,(927) 783-4201,268 Pulaski Lane,Antioch,TN
100,Morgan,(762) 692-4210,5 N. New Ave.,Reidsville,NC
101,Kayla,(326) 941-6576,3 Wood Dr.,Kalamazoo,MI
102,Cora,(515) 475-5425,766 East Poplar Road,Kaukauna,WI
103,Bailey,(496) 246-1871,854 East Devonshire Drive,East Meadow,NY
104,Kimberly,(817) 818-5445,9085 Baker Street,New Britain,CT
105,Reagan,(454) 640-3037,8793 Indian Spring St.,Sebastian,FL
106,Hazel,(601) 895-9173,429 NW. Old York Street,North Ridgeville,OH
107,Clara,(200) 730-6147,73 W. Bank Dr.,Pasadena,MD
108,Sydney,(847) 944-5152,7141 Broad Dr.,Asheville,NC
109,Trinity,(273) 960-1285,29 Jockey Hollow Ave.,Thibodaux,LA
110,Natalia,(863) 443-5894,223 Oak Valley Street,Defiance,OH
111,Valentina,(776) 331-0929,59 Hill Field Court,Clearwater,FL
112,Rylee,(780) 556-2314,921 West Laurel Lane,Waukesha,WI
113,Jocelyn,(690) 984-7913,751 Wall St.,Freeport,NY
114,Maria,(950) 807-9407,688 Bald Hill Ave.,South Plainfield,NJ
115,Aurora,(201) 837-8705,76 Water Dr.,Norristown,PA
116,Eliana,(669) 311-0879,9827 Catherine Dr.,Grayslake,IL
117,Brielle,(877) 498-0616,6 Griffin Drive,Northville,MI
118,Liliana,(447) 706-0244,532 Broad Ave.,Huntsville,AL
119,Mary,(745) 483-0429,7369 Shadow Brook St.,Hillsboro,OR
120,Elena,(853) 463-4800,8709 N. Fairfield Avenue,Grand Island,NE
121,Molly,(670) 600-6523,874 Lincoln Lane,Evanston,IL
122,Makayla,(851) 227-6764,8200 Westport Ave.,Nazareth,PA
123,Lilly,(350) 283-5748,87 Lake Ave.,Battle Creek,MI
124,Andrea,(952) 215-0217,938 Boston Street,Waterford,MI
125,Quinn,(572) 587-5866,8297 Lafayette St.,Pomona,CA
126,Jordyn,(812) 746-1155,434 North Fremont Dr.,West Bloomfield,MI
127,Adalynn,(932) 615-0649,71 Fairfield St.,Medford,MA
128,Nicole,(647) 749-2922,991 Mill Pond St.,Salem,MA
129,Delilah,(610) 910-3504,99 Manhattan Lane,Faribault,MN
130,Kendall,(627) 903-2100,616 Smith Drive,King Of Prussia,PA
131,Kinsley,(379) 433-8079,331 Devonshire Lane,Maineville,OH
132,Ariel,(867) 736-7565,9395 Elmwood Road,Westmont,IL
133,Payton,(396) 221-2518,993 Santa Clara Dr.,Fall River,MA
134,Paige,(718) 390-7396,443 Lakeview Dr.,Melrose,MA
135,Mariah,(985) 646-9493,68 Pennsylvania Drive,Hartselle,AL
136,Brooke,(876) 880-4355,317 East Winding Way Drive,Lawrenceville,GA
137,Willow,(694) 925-9656,9643 Fairview Avenue,Fort Washington,MD
138,Jade,(494) 393-3653,682 Leeton Ridge Court,Hollis,NY
139,Lyla,(979) 384-6357,777 Carriage Dr.,Naples,FL
140,Mya,(720) 579-7153,27 West Richardson St.,Dunedin,FL
141,Ximena,(654) 995-5306,7458 Hilldale Ave.,Ames,IA
142,Luna,(881) 497-4839,4 Fremont Rd.,Vernon Rockville,CT
143,Isabel,(309) 528-9343,274 Augusta Drive,Fitchburg,MA
144,Mckenzie,(953) 804-7496,286 Berkshire Drive,Alpharetta,GA
145,Ivy,(906) 316-6330,8511 Pierce St.,Huntersville,NC
146,Josephine,(683) 551-1345,462 Clark Court,Muscatine,IA
147,Amy,(240) 253-1789,9525 Chapel Rd.,Grandville,MI
148,Laila,(490) 422-2539,9 Green Lake St.,Cambridge,MA
149,Isla,(242) 940-5398,8938 Cypress St.,Dublin,GA
150,Eden,(608) 357-2265,92 W. Foster Rd.,Mount Laurel,NJ
151,Adalyn,(637) 454-1506,7953 Tallwood Street,Beachwood,OH
152,Angelina,(497) 534-7468,9634 W. Poplar Road,Derby,KS
153,Londyn,(732) 516-6960,7646 Brickell St.,Hendersonville,NC
154,Rachel,(208) 779-2903,9352 High Noon Street,Selden,NY
155,Melody,(569) 499-1035,9790 Branch Dr.,Woodside,NY
156,Juliana,(840) 858-1804,2 SW. Dunbar Court,Mount Juliet,TN
157,Kaitlyn,(899) 465-9570,8407 Bridle Ave.,Perth Amboy,NJ
158,Brooklynn,(337) 220-2134,553 Shore Dr.,Middleburg,FL
159,Destiny,(832) 986-1709,454 Olive Circle,Richmond,VA
160,Emery,(794) 972-1786,7358 Elm Avenue,Tuscaloosa,AL
161,Gracie,(922) 925-6457,7467 SE. Mill Pond Avenue,Carrollton,GA
162,Norah,(767) 281-0728,7812 Border St.,Altoona,PA
163,Emilia,(933) 251-0502,736 Lincoln Drive,Statesville,NC
164,Reese,(258) 815-5383,580 James St.,Coraopolis,PA
165,Elise,(924) 955-0248,226 West Olive Dr.,Stillwater,MN
166,Sara,(993) 426-3308,45 Pheasant Dr.,Adrian,MI
167,Aliyah,(415) 969-0003,86 Ohio Ave.,Strongsville,OH
168,Margaret,(917) 746-1344,509 W. Joy Ridge Drive,Glasgow,KY
169,Catherine,(923) 468-1751,585 West Walnut Court,Millville,NJ
170,Vanessa,(469) 775-5122,97 Brandywine Drive,Anchorage,AK
171,Katelyn,(244) 514-9445,1 Tailwater Lane,Freehold,NJ
172,Gabrielle,(467) 398-5730,679 Roosevelt Dr.,Kearny,NJ
173,Arabella,(705) 441-0560,137 Saxon St.,Birmingham,AL
174,Valeria,(977) 766-6727,220 Sussex Street,Pickerington,OH
175,Valerie,(393) 738-9937,718 West Lawrence Avenue,Potomac,MD
176,Adriana,(455) 363-6720,693 Griffin Drive,Bettendorf,IA
177,Everly,(324) 306-4790,3 SW. Bradford St.,Chelmsford,MA
178,Jessica,(221) 218-9358,1 East Sugar St.,Florence,SC
179,Daisy,(694) 542-6005,7367 Smith Store St.,Havertown,PA
180,Makenzie,(425) 433-6228,503 Gregory Ave.,Chattanooga,TN
181,Summer,(408) 816-2449,514 Grandrose Drive,Danvers,MA
182,Lila,(668) 821-4661,35 Heather Dr.,Amsterdam,NY
183,Rebecca,(543) 265-8871,7334 Shore Street,Waxhaw,NC
184,Julianna,(525) 344-7859,826 Essex Ave.,Kokomo,IN
185,Callie,(697) 721-8977,68 Prince Drive,Clarksville,TN
186,Michelle,(591) 404-3025,9155 Gulf St.,Chesterfield,VA
187,Ryleigh,(551) 500-5425,9912 N. Vale St.,Glen Cove,NY
188,Presley,(696) 531-5317,42 Cherry Drive,Dearborn,MI
189,Alaina,(869) 662-8552,7126 N. Fordham Ave.,Solon,OH
190,Angela,(713) 811-5531,42 North Shady St.,Spring Hill,FL
191,Alina,(724) 633-5787,7148 William Dr.,Middletown,CT
192,Harmony,(533) 854-4249,8404 Lake Street,Kennesaw,GA
193,Rose,(296) 839-5148,825 East Wentworth Street,Bemidji,MN
194,Athena,(897) 941-3391,430 Wintergreen Ave.,Caldwell,NJ
195,Emerson,(793) 263-3503,62 NW. Beach Street,Williamsburg,VA
196,Adelyn,(770) 449-7247,7827 Jefferson Rd.,Helena,MT
197,Alana,(736) 250-2478,33 NW. Morris Court,Indianapolis,IN
198,Hayden,(777) 705-3845,9515 SE. Marshall Rd.,Trumbull,CT
199,Izabella,(913) 734-7670,202 E. Bridge St.,Gibsonia,PA
200,Cali,(286) 683-0788,9493 Henry Smith St.,Fair Lawn,NJ
201,Marley,(470) 722-7286,15 East Ann Street,New York,NY
202,Esther,(394) 693-1415,15 Grand Dr.,Clover,SC
203,Fiona,(452) 415-4083,7950 Devon Street,Port Jefferson Station,NY
204,Stephanie,(438) 307-6533,774 S. Crescent Rd.,Jackson,NJ
205,Cecilia,(299) 616-6344,357 San Juan Court,Mount Airy,MD
206,Kate,(514) 631-2622,9884 Glenholme Ave.,Newtown,PA
207,Kinley,(532) 546-1037,930 South Railroad Drive,Sylvania,OH
208,Jayla,(536) 922-8439,8548 Pierce Drive,Parkville,MD
209,Genevieve,(509) 643-5802,36 Trout Drive,Toledo,OH
210,Alexandria,(934) 675-1235,378 York Ave.,Medina,OH
211,Eliza,(346) 202-8185,768 Thompson Rd.,Oak Park,MI
212,Kylee,(329) 983-6985,8810 John Ave.,Desoto,TX
213,Alivia,(289) 967-8601,980 Belmont Lane,Chatsworth,GA
214,Giselle,(665) 693-3544,63 Ketch Harbour Street,Duluth,GA
215,Arya,(381) 573-7183,91 Union Street,Enterprise,AL
216,Alayna,(750) 840-7367,7272 Oak Rd.,Glen Ellyn,IL
217,Leilani,(384) 598-9055,11 Elm St.,Blackwood,NJ
218,Adeline,(640) 987-8157,320 Hill Circle,Bonita Springs,FL
219,Jennifer,(210) 726-6426,92 East Campfire Ave.,Irwin,PA
220,Tessa,(815) 518-3569,59 Pearl Court,Champaign,IL
221,Ana,(600) 740-2519,3 Blackburn Street,Tallahassee,FL
222,Finley,(897) 736-7571,10 East Wentworth Court,Centereach,NY
223,Melissa,(980) 615-5549,594 Bay Meadows St.,Sanford,NC
224,Daniela,(904) 682-6671,9695 Carriage Drive,Carlisle,PA
225,Aniyah,(968) 206-5575,52 Selby Rd.,Parkersburg,WV
226,Daleyza,(774) 364-2412,853 Lawrence Avenue,Shelton,CT
227,Keira,(745) 691-4213,8737 Hillside Avenue,Clemmons,NC
228,Charlie,(976) 693-7008,509 Cherry St.,Bayside,NY
229,Lucia,(394) 872-8413,592 East Westminster Road,Mchenry,IL
230,Hope,(811) 224-5609,7547 Old Rockcrest Avenue,Hopkins,MN
231,Gabriela,(506) 424-5157,619 Grandrose Court,Port Charlotte,FL
232,Mckenna,(660) 425-7682,9 Beacon Drive,Torrance,CA
233,Brynlee,(549) 725-9122,9930 Tunnel St.,Waldorf,MD
234,Parker,(553) 845-5777,137 Sherwood Street,Ashtabula,OH
235,Lola,(716) 392-4665,7638 Woodside St.,Covington,GA
236,Amaya,(235) 678-2885,7880 Marvon Drive,Hialeah,FL
237,Miranda,(598) 652-3755,992 N. Jones Court,Columbia,MD
238,Maggie,(369) 708-7830,8386 Cypress Drive,Owosso,MI
239,Anastasia,(347) 710-4212,45 Birchpond Court,Roanoke,VA
240,Leila,(404) 730-3807,63 Kent St.,Clinton Township,MI
241,Lexi,(813) 483-5512,51 Gates Ave.,Sumter,SC
242,Georgia,(257) 369-0828,79 Woodland Rd.,New Lenox,IL
243,Kenzie,(793) 926-1239,81 Columbia St.,Cumming,GA
244,Iris,(563) 202-9019,34 Greenview Avenue,Omaha,NE
245,Jacqueline,(463) 702-0504,8600 Henry Ave.,West New York,NJ
246,Jordan,(939) 785-9252,49 SE. Primrose Lane,Sacramento,CA
247,Cassidy,(361) 296-1834,385 West Cross Street,Milwaukee,WI
248,Vivienne,(716) 816-5142,8089 S. Glen Eagles Street,West Des Moines,IA
249,Camille,(946) 745-3923,7461 Lilac Court,Jacksonville Beach,FL
250,Michael,(854) 891-8044,94 Sheffield St.,Jamaica,NY
251,Christopher,(558) 876-7155,48 Ridgeview Street,Mason City,IA
252,Matthew,(225) 623-7257,93 Harrison Street,Cuyahoga Falls,OH
253,David,(969) 516-5477,74 Pearl St.,Cockeysville,MD
254,James,(769) 504-4741,7033 Somerset St.,Providence,RI
255,John,(329) 631-8877,93 Victoria Ave.,Dover,NH
256,Joshua,(879) 332-0517,701 High Noon Court,West Springfield,MA
257,Daniel,(914) 360-9832,820 King Drive,Mableton,GA
258,Robert,(681) 987-0916,534 West Mountainview Avenue,Palmetto,FL
259,Joseph,(554) 937-8125,9595 Durham St.,Marlton,NJ
260,William,(576) 521-8552,971 Bridge Lane,Coventry,RI
261,Jason,(332) 640-6264,852 Thomas Ave.,Victoria,TX
262,Andrew,(743) 788-4851,9722 Roehampton Ave.,Fredericksburg,VA
263,Ryan,(242) 804-4701,61 S. Alton Lane,Anaheim,CA
264,Anthony,(810) 256-4407,12 N. James Street,Pawtucket,RI
265,Jacob,(719) 569-0291,241 Country Ave.,Sandusky,OH
266,Nicholas,(522) 936-5245,763 S. High Noon St.,Lemont,IL
267,Brian,(995) 439-6831,628 Trenton St.,Canyon Country,CA
268,Justin,(231) 420-0770,931 6th Court,Egg Harbor Township,NJ
269,Brandon,(503) 406-3235,9661 Livingston Street,San Pablo,CA
270,Jonathan,(476) 850-0912,402 Goldfield Street,Southaven,MS
271,Kevin,(381) 569-8668,32 Addison St.,Park Ridge,IL
272,Thomas,(585) 429-4533,7325 Summit Street,Manchester Township,NJ
273,Eric,(377) 299-1487,463 Boston Avenue,Hopewell Junction,NY
274,Tyler,(700) 413-4379,85 Beaver Ridge St.,Wallingford,CT
275,Benjamin,(301) 750-1240,8287 Mayfield Drive,Fremont,OH
276,Steven,(658) 253-1454,6 Victoria St.,Palos Verdes Peninsula,CA
277,Alexander,(637) 318-6517,73 N. Pierce Ave.,Noblesville,IN
278,Timothy,(568) 608-6361,64 Airport Drive,Marshalltown,IA
279,Richard,(918) 984-3077,9 West Park Ave.,Jenison,MI
280,Zachary,(294) 375-1670,7 Old York St.,East Stroudsburg,PA
281,Charles,(892) 811-1467,488 Brookside Street,Niles,MI
282,Aaron,(392) 309-5196,9298 Fieldstone Street,Pleasanton,CA
283,Adam,(279) 779-3918,768 Myers Ave.,Clinton,MD
284,Nathan,(338) 345-8283,7 Sunbeam Rd.,Bakersfield,CA
285,Mark,(772) 759-2148,929 East John Drive,Shrewsbury,MA
286,Jeffrey,(529) 716-4526,67 S. Bayport Drive,Anderson,SC
287,Kyle,(659) 806-9859,80 Bellevue Dr.,Hummelstown,PA
288,Samuel,(247) 476-1414,818 James St.,Cranford,NJ
289,Jeremy,(780) 921-9655,879 Santa Clara Street,Libertyville,IL
290,Jose,(466) 753-2389,75 Marshall St.,Horn Lake,MS
291,Austin,(974) 300-9433,8 Princeton St.,Hartford,CT
292,Christian,(665) 466-2357,229 Briarwood Ave.,Mcminnville,TN
293,Scott,(846) 797-9117,322 St Paul Drive,Windsor,CT
294,Ethan,(739) 892-9761,8835 E. Summit Ave.,Piscataway,NJ
295,Sean,(695) 588-0131,375 Cherry Hill Drive,West Warwick,RI
296,Patrick,(544) 722-0344,8423 Spruce Street,Harrison Township,MI
297,Jordan,(544) 399-5344,127 Lakeshore Rd.,Peoria,IL
298,Paul,(879) 305-8967,7033 Lake Street,New Hyde Park,NY
299,Stephen,(894) 629-9945,8176 Squaw Creek Dr.,Levittown,NY
300,Dylan,(497) 349-9639,4 Fairfield Rd.,Vincentown,NJ
301,Noah,(518) 938-6566,384 Kirkland St.,Winter Park,FL
302,Kenneth,(930) 247-3889,352 Primrose Lane,Bedford,OH
303,Gabriel,(432) 882-4605,696 8th Ave.,Fond Du Lac,WI
304,Bryan,(935) 756-4067,42 Sulphur Springs St.,Kennewick,WA
305,Gregory,(653) 278-7192,74 North Fairway St.,Shirley,NY
306,Logan,(891) 644-4520,852 Mill St.,Norwood,MA
307,Cody,(289) 287-4446,31 SE. Olive Ave.,Stratford,CT
308,Travis,(424) 313-1069,7 Joy Ridge St.,Goldsboro,NC
309,Juan,(429) 530-3817,2 North Amerige Road,North Wales,PA
310,Jesse,(817) 257-3677,832 Strawberry St.,Wheaton,IL
311,Caleb,(426) 615-2817,25 Birch Hill Court,Fort Lee,NJ
312,Cameron,(514) 710-2559,311 Jones St.,Holyoke,MA
313,Shawn,(756) 290-7884,8395 Middle River Rd.,Southampton,PA
314,Edward,(530) 327-4789,8380 Border Street,Highland,IN
315,Evan,(737) 727-9417,9513 Gonzales Ave.,Vista,CA
316,Elijah,(879) 784-4370,8874 West Willow Street,Depew,NY
317,Luis,(533) 564-7789,4 N. Bradford Ave.,New City,NY
318,Chad,(403) 215-4422,481 High Lane,Conyers,GA
319,Mason,(526) 784-5779,8695 Indian Summer Ave.,Hoboken,NJ
320,Luke,(231) 958-1330,73 Buckingham St.,Meriden,CT
321,Carlos,(500) 972-9577,8460 N. Pearl Lane,Georgetown,SC
322,Bradley,(919) 968-1819,18 Sunbeam St.,Yorktown,VA
323,Jack,(242) 707-9474,97 W. Orange Rd.,Lewis Center,OH
324,Isaac,(411) 706-5278,16 Wayne St.,Perkasie,PA
325,Alex,(407) 785-7819,92 W. Augusta Ave.,Sidney,OH
326,Hunter,(759) 562-0582,146 South Dr.,Tucker,GA
327,Dustin,(286) 410-0101,933 Plumb Branch St.,Piqua,OH
328,Derek,(261) 786-2913,38 Tunnel Drive,Minot,ND
329,Lucas,(351) 919-6391,7112 NW. Pennsylvania Street,Neptune,NJ
330,Ian,(718) 862-3158,375 Chestnut Rd.,Saratoga Springs,NY
331,Nathaniel,(606) 779-8820,7672 Fairground St.,Elk River,MN
332,Peter,(880) 243-6730,957 West Marlborough Drive,Olney,MD
333,Angel,(353) 626-0933,9041 Wall Court,Midlothian,VA
334,Jared,(724) 847-1375,8053 Alton Lane,Chicago Heights,IL
335,Adrian,(690) 890-4326,7438 Chapel Lane,Cookeville,TN
336,Marcus,(326) 972-6803,25 Glenridge Drive,Bangor,ME
337,George,(344) 814-4818,121 Livingston Dr.,Macungie,PA
338,Jackson,(395) 821-4484,8468 High Noon Dr.,Lincoln Park,MI
339,Connor,(935) 824-2270,19 S. Lower River Street,Wilson,NC
340,Antonio,(921) 220-2608,9576 Oakwood Street,Howard Beach,NY
341,Isaiah,(459) 471-7870,17 8th St.,Canandaigua,NY
342,Jesus,(235) 437-8391,793 Grant St.,Beltsville,MD
343,Donald,(348) 925-8177,6 S. Division Ave.,New Albany,IN
344,Keith,(829) 679-1042,39 Edgewater St.,Saint Augustine,FL
345,Ronald,(729) 218-9713,745 E. Walnut Ave.,Spartanburg,SC
346,Jayden,(679) 860-6052,280 Walnutwood Ave.,Rockford,MI
347,Shane,(396) 346-6548,2 East Nichols Street,Lawndale,CA
348,Corey,(843) 555-4640,119 Birchpond Road,Matawan,NJ
349,Jeremiah,(628) 662-1512,959 Indian Summer St.,Ridgewood,NJ
350,Joel,(580) 790-3193,789 Pacific Street,New Philadelphia,OH
351,Aiden,(664) 358-5392,7738 Lookout Ave.,Brooklyn,NY
352,Victor,(775) 444-8353,7074 Wall Ave.,Smithtown,NY
353,Gavin,(387) 290-5893,8518 E. Sulphur Springs St.,Bel Air,MD
354,Blake,(724) 985-9879,12 Piper St.,Savannah,GA
355,Henry,(661) 542-5271,9 Ridgewood Drive,Ooltewah,TN
356,Vincent,(784) 923-0243,57 South Glen Creek Ave.,Lake In The Hills,IL
357,Raymond,(932) 276-0732,510 NW. Cooper Court,Miamisburg,OH
358,Trevor,(981) 294-3392,9490 Sugar St.,Pensacola,FL
359,Seth,(534) 340-3767,59 Brook Dr.,Laurel,MD
360,Julian,(650) 859-8553,46 Old Glenholme St.,Forest Hills,NY
361,Chase,(338) 825-4568,39 S. Temple St.,Mountain View,CA
362,Miguel,(714) 284-1126,863 Rockwell Rd.,Cordova,TN
363,Devin,(920) 660-3979,300 Overlook Street,Manchester,NH
364,Douglas,(987) 618-0926,540 Valley Farms St.,Barberton,OH
365,Gary,(367) 794-7148,8764 Rosewood Drive,Copperas Cove,TX
366,Liam,(771) 648-8348,1 Manor Rd.,Front Royal,VA
367,Phillip,(866) 541-9757,85 Linda Rd.,Maumee,OH
368,Todd,(622) 716-4570,7462 North Wentworth Drive,Bear,DE
369,Erik,(661) 870-8096,688 Sunnyslope St.,Homestead,FL
370,Landon,(361) 498-6455,722 Winding Way St.,Daphne,AL
371,Frank,(511) 316-9511,94 Inverness Ave.,Elmont,NY
372,Dominic,(900) 696-9013,8178 East Queen Dr.,La Porte,IN
373,Brett,(442) 907-6648,723 New Saddle Lane,Easton,PA
374,Owen,(798) 202-1982,617 Columbia St.,Melbourne,FL
375,Cole,(718) 802-7854,64 Bohemia Ave.,Rock Hill,SC
376,Craig,(402) 384-8441,99 East Acacia Ave.,Muskogee,OK
377,Larry,(255) 648-6578,71 Iroquois Drive,Ponte Vedra Beach,FL
378,Troy,(440) 202-6984,342 Henry St.,Beloit,WI
379,Alan,(290) 823-1377,9474 Gonzales Street,Basking Ridge,NJ
380,Garrett,(832) 680-8736,604 West Third Road,Cranberry Twp,PA
381,Alejandro,(291) 264-3258,644 King St.,Memphis,TN
382,Wesley,(546) 364-7522,35 Delaware Drive,Ann Arbor,MI
383,Cory,(594) 303-5006,667 North Silver Spear St.,Warner Robins,GA
384,Wyatt,(226) 947-6328,6 Bridle St.,Youngstown,OH
385,Xavier,(587) 457-5864,34 Carpenter Street,Wakefield,MA
386,Dennis,(555) 329-0425,921 Myrtle Drive,New Bedford,MA
387,Jorge,(938) 650-8685,9462 Railroad Ave.,Glastonbury,CT
388,Derrick,(511) 306-9737,9 Theatre Ave.,Mesa,AZ
389,Carter,(716) 784-7883,233 Homewood St.,Rego Park,NY
390,Sebastian,(681) 367-7406,75 South Queen Rd.,Capitol Heights,MD
391,Colin,(552) 657-0104,7017 Sutor Avenue,Bartlett,IL
392,Ricardo,(855) 467-7866,44 Arlington St.,Hammonton,NJ
393,Jerry,(805) 351-3255,9643 NW. Gartner St.,Hamburg,NY
394,Aidan,(849) 742-3758,7705 Valley Avenue,Fuquay Varina,NC
395,Taylor,(458) 986-7426,7382 Meadowbrook Ave.,Reisterstown,MD
396,Mario,(292) 321-8869,7497 High Court,Westerville,OH
397,Philip,(213) 900-6397,764 Belmont St.,Emporia,KS
398,Jake,(612) 607-5910,4 Somerset Court,Round Lake,IL
399,Levi,(345) 861-7917,35 Eagle Ave.,Romulus,MI
400,Oscar,(984) 497-5136,498 Saxton Drive,Bardstown,KY
401,Mitchell,(294) 695-3924,9972 East Hartford Street,Winter Springs,FL
402,Casey,(807) 462-1861,775 Holly St.,Palm Beach Gardens,FL
403,Colton,(864) 360-3378,6 Manor Ave.,Aberdeen,SD
404,Martin,(287) 397-8756,91 Paris Hill Court,Williamsport,PA
405,Francisco,(599) 887-5820,388 Marvon Drive,Metairie,LA
406,Tristan,(738) 820-6198,163 Bald Hill Street,Leesburg,VA
407,Bryce,(390) 544-6069,621 Beacon St.,Arvada,CO
408,Jeffery,(630) 564-9597,8462 S. Tallwood St.,Montgomery,AL
409,Randy,(828) 517-9966,7301 Hillside Lane,Snellville,GA
410,Brayden,(322) 597-4334,7132 Colonial Dr.,Winchester,VA
411,Spencer,(735) 212-2917,574 Tanglewood Road,Lindenhurst,NY
412,Johnny,(321) 617-4051,8813 Orange Rd.,Houston,TX
413,Manuel,(807) 562-8818,91 Cambridge Dr.,Yorktown Heights,NY
414,Diego,(513) 532-0716,705 Henry Smith Ave.,San Antonio,TX
415,Brent,(283) 320-4743,7934 West Street,San Diego,CA
416,Curtis,(676) 402-0312,88 South Myrtle Street,Indian Trail,NC
417,Tony,(959) 395-3051,9428 Wild Rose Drive,Lake Charles,LA
418,Andre,(818) 537-2170,547 Gates St.,Mount Holly,NJ
419,Terry,(348) 569-9150,8903 Baker Street,Essex,MD
420,Eduardo,(292) 560-5402,7528 Maple St.,South Windsor,CT
421,Grant,(340) 738-4918,8851 Tunnel Road,Corona,NY
422,Russell,(963) 324-8975,49 E. Longbranch Road,Woodbridge,VA
423,Hayden,(223) 580-5455,9513 Woodside Dr.,Tacoma,WA
424,Tanner,(945) 937-3006,61 Bridgeton St.,Elyria,OH
425,Johnathan,(610) 983-4759,8623 Riverview Lane,Queensbury,NY
426,Ivan,(670) 402-2252,9657 San Pablo St.,Plainfield,NJ
427,Omar,(673) 356-3885,9184 Inverness Street,Snohomish,WA
428,Eli,(393) 854-4237,8516 W. Bellevue Dr.,Goshen,IN
429,Dakota,(200) 438-4022,2 Bay St.,Kent,OH
430,Parker,(293) 854-8961,419 Homewood Ave.,Pompano Beach,FL
431,Carson,(703) 294-2257,34 Fawn Street,Warminster,PA
432,Brendan,(930) 675-7826,8076 Honey Creek Road,El Dorado,AR
433,Carl,(470) 432-5329,8 Harvard St.,Holland,MI
434,Javier,(957) 421-5709,68 Bradford Court,Hermitage,TN
435,Josiah,(713) 576-0863,247 Cedarwood Lane,Durham,NC
436,Riley,(536) 652-5435,10 East Sherman Ave.,North Andover,MA
437,Allen,(786) 977-1020,76 George Circle,Upper Marlboro,MD
438,Marc,(944) 330-0367,7301 Green Hill Street,Midland,MI
439,Preston,(552) 584-5220,4 East Manor Station St.,Charleston,SC
440,Danny,(309) 825-9819,9530 Stonybrook St.,Hanover,PA
441,Micah,(608) 952-0235,384 Nichols Rd.,Reading,MA
442,Max,(495) 410-5434,84 North Piper Ave.,Oxford,MS
443,Roberto,(836) 667-4267,80 Briarwood Street,Suitland,MD
444,Rodney,(860) 325-4828,8558 Catherine Street,Grand Blanc,MI
445,Brady,(422) 251-5205,707 School Street,Orange Park,FL
446,Clayton,(724) 387-6598,8077 Sutor Ave.,Yuba City,CA
447,Fernando,(588) 771-0895,526 New Saddle Drive,Roswell,GA
448,Nicolas,(444) 713-3658,19 N. Union Ave.,Cedar Rapids,IA
449,Maxwell,(270) 762-0420,205 University Drive,Moorhead,MN
450,Hector,(979) 472-7383,408 Garden Drive,Oak Lawn,IL
451,Jimmy,(202) 205-0247,8770 Pulaski Dr.,West Lafayette,IN
452,Edwin,(701) 589-7113,197 Oakland Rd.,Elkton,MD
453,Billy,(854) 724-7595,8349 S. Wayne Street,Revere,MA
454,Calvin,(700) 954-5758,7336 Durham Avenue,Ambler,PA
455,Dalton,(894) 297-5234,7355 Fordham St.,Land O Lakes,FL
456,Lawrence,(328) 673-4765,7708 Theatre St.,Allen Park,MI
457,Bobby,(261) 593-1605,219 S. Bedford St.,Mishawaka,IN
458,Collin,(738) 376-4985,5 Canal Dr.,South Portland,ME
459,Edgar,(579) 252-0312,495 Wild Horse Avenue,Summerfield,FL
460,Damian,(868) 350-3719,9658 Somerset Dr.,Bristol,CT
461,Jamie,(314) 684-6961,463 Mill Pond Ave.,Westland,MI
462,Andres,(641) 458-6633,625 Gartner Ave.,North Olmsted,OH
463,Oliver,(440) 447-1533,588 Fairview St.,Oxon Hill,MD
464,Kaleb,(913) 882-2889,93 Glenholme Ave.,Mundelein,IL
465,Walter,(563) 627-4821,29 Jefferson Street,Macomb,MI
466,Louis,(251) 668-6815,803 E. Edgefield Street,Arlington Heights,IL
467,Jaden,(942) 517-8203,9341 Wild Rose St.,Rockaway,NJ
468,Albert,(584) 574-9617,22 Locust St.,San Lorenzo,CA
469,Roger,(356) 903-2816,355 Old Trusel St.,Vicksburg,MS
470,Nolan,(340) 796-6751,9764 Belmont Ave.,Streamwood,IL
471,Ricky,(357) 295-9846,8508 N. Kent Dr.,Ladson,SC
472,Lance,(635) 973-1872,9889 Glenlake Ave.,Piedmont,SC
473,Devon,(622) 536-2907,62 Theatre Ave.,Palm Coast,FL
474,Sergio,(693) 917-3284,532 Liberty Street,Chapel Hill,NC
475,Ruben,(995) 538-1180,7332 Birchpond St.,Roselle,IL
476,Cooper,(513) 279-6419,4 Delaware Court,Flemington,NJ
477,Jon,(997) 426-5115,51 N. Oakwood Lane,Worcester,MA
478,Micheal,(500) 557-2077,9937 Green Hill Dr.,Floral Park,NY
479,Cesar,(680) 649-2606,69 Berkshire Street,Gettysburg,PA
480,Joe,(879) 683-9856,17 Monroe Dr.,Jamestown,NY
481,Arthur,(451) 801-3544,42 Bayport Road,Mahwah,NJ
482,Darren,(837) 989-9608,248 Charles Rd.,Brainerd,MN
483,Jay,(823) 682-9371,74 Bay Court,South Richmond Hill,NY
484,Emmanuel,(937) 809-5097,7427 Roosevelt Ave.,Tewksbury,MA
485,Drew,(394) 884-8019,9059 Shirley Lane,Villa Park,IL
486,Shaun,(963) 836-2939,801 S. Shub Farm Ave.,Pittsford,NY
487,Erick,(318) 522-6076,9059 Sierra Lane,Belleville,NJ
488,Mathew,(747) 536-9044,7632 Fulton St.,Neenah,WI
489,Marco,(485) 551-3202,8196 Lake View Road,Zeeland,MI
490,Dillon,(320) 331-7441,9877 West Howard St.,Irmo,SC
491,Jonathon,(749) 386-8691,8379 S. Creekside Ave.,Roseville,MI
492,Pedro,(204) 983-3381,802 Green Court,Stafford,VA
493,Alexis,(429) 603-5600,2 Hillcrest St.,East Orange,NJ
494,Gerald,(219) 861-1897,51 Manhattan Street,New Berlin,WI
495,Kristopher,(670) 954-0574,387 Pennsylvania Street,Perrysburg,OH
496,Randall,(413) 475-9371,466 South Clinton Road,Inman,SC
497,Ashton,(275) 689-0257,2 High Dr.,Euless,TX
498,Cristian,(762) 829-6616,78 South Pin Oak Rd.,Pueblo,CO
499,Willie,(741) 282-0570,8768 SE. Maiden Rd.,Myrtle Beach,SC
